Siret;Nomd'entreprise;Contact;Adresse;Libellé
15285311500064;Voip;Martinez;148 rue des fougeres 72000 Caen;1
98913784400065;Normotic;Lopez;187 avenue sapins 42000 Bordeaux;3
49250150500010;PlanetElInfocor;Sanchez;58 rue Victor Henry 84000 Limoges;4
23432622900064;VeloIntique;Vidal;12 chemin Victor Hugo 60000 Bretagne;4
53304075500098;Intivella;Perez;238 allée des chênes 18000 Genevres;1
19931489000085;Myoflawonlinecom;Marty;13 avenue des petits père 01393 Cannes;2
54703063500044;Weadley;Martin;26 rue de stalingrad 87000 Paris;3
24224337400049;Vetilee;Fernandez;169 avenue de Malte 42000 Paris;1
25074959100020;Windsterra;Fabre;2 avenue Paul Bert 44000 Paris;3
58786717500015;VeloHotel;Rodriguez;100 rue des champs 49000 Paris;4
46564775500033;Cuedote;Pagès;9 avenue de Paris 39000 Bordeaux;1
66975090100037;VeloAdore;Ruiz;174 chemin de la ruche 75000 Paris;3
74182091500028;Orgo;Pujol;74 avenue Georges Peintre 39000 Paris;4
67672614300041;Wisewood;Ferrer;1 avenue du bois 15000 Bordeaux;1
87331176100018;BallItUpGlobal;Puig;93 rue du moulin 60000 Normandie;1
51878023500078;MidflightJersey;Durand;10 avenue de  la biche 61000 Lilles;4
87280174000039;Willconsul;Gomez;10 avenue du lycée 11000 Strasbourg;1
46548993000017;McciannisVanas;Soler;4 rue de la fresnaie 57000 Courbevoie;3
