N° Piece;Nom;Prix;Description;date de début;date de fin
C32;Cadre  type OJY;29;Cadre rouge;2017-04-03;2025-05-10
C34;Cadre  type XQO;41;Cadre bleu;2019-03-03;2027-07-25
C76;Cadre  type VXK;76;Cadre jaune;2014-06-29;2026-05-25
C43;Cadre  RVS;60;Cadre vert;2019-03-23;2027-06-17
C44f;Cadre  XFA;63;Cadre rouge haute qualité;2016-01-27;2020-06-23
C43f;Cadre  type AFO;41;Cadre rouge;2016-09-03;2025-08-10
C01;Cadre  type EVQ;80;Cadre rouge;2014-11-20;2025-08-02
C02;Cadre  type FWO;80;Cadre rouge;2019-08-19;2022-02-17
C15;Cadre  OLM;47;Cadre rouge;2015-10-06;2024-12-01
C87;Cadre  TPK;21;Cadre rouge;2019-05-22;2030-07-04
C87f;Cadre  type PMA;38;Cadre  rouge;2017-05-01;2025-06-15
C25;Cadre  XUF;39;Cadre  rouge;2015-01-17;2027-08-02
C26;Cadre  JMG;36;Cadre  blanc;2017-06-04;2030-05-11
G7;Guidon type JPQ;61;Guidon rouge;2017-06-04;2030-08-08
G9;Guidon type ENS;58;Guidon rouge;2017-07-14;2025-04-10
G12;Guidon BWD;57;Guidon rouge haute qualité;2018-12-06;2028-04-13
F3;Freins type FDF;40;Freins rouge;2014-09-08;2030-07-07
F9;Freins type EZT;67;Freins rouge;2017-03-03;2021-04-28
S88;Selle type WMZ;65;Selle rougehaute qualité;2017-04-02;2027-02-11
S37;Selle type WQU;33;Selle rouge;2015-12-24;2025-10-21
S35;Selle type HFL;69;Selle rouge;2017-12-28;2020-09-18
S02;Selle ABG;54;Selle rouge;2014-07-09;2022-10-17
S03;Selle type UTN;71;Selle rouge;2014-03-08;2023-03-12
S36;Selle JYM;69;Selle rouge;2019-12-23;2027-02-08
S34;Selle BTV;71;Selle rouge;2015-04-09;2025-05-08
S87;Selle EYM;36;Selle rouge;2016-01-25;2024-05-31
DV133;Dérailleur Avant JSK;31;Dérailleur Avant rouge;2014-07-05;2029-03-10
DV17;Dérailleur Avant type UDD;58;Dérailleur Avant rouge;2017-04-17;2030-04-16
DV87;Dérailleur Avant DVF;58;Dérailleur Avant rouge;2018-05-11;2028-06-24
DV57;Dérailleur Avant type ADQ;32;Dérailleur Avant rouge;2014-10-18;2021-03-07
DV15;Dérailleur Avant type MVX;39;Dérailleur Avant rouge;2016-10-07;2024-03-01
DV41;Dérailleur Avant WAP;56;Dérailleur Avant rouge;2018-06-13;2024-11-07
DV132;Dérailleur Avant type GWR;57;Dérailleur Avant rouge;2016-03-06;2020-12-28
DR56;Dérailleur Arrière type OEM;71;Dérailleur Arrière rouge;2015-06-01;2029-08-06
DR87;Dérailleur Arrière type MME;69;Dérailleur Arrière rouge;2017-11-14;2020-05-01
DR86;Dérailleur Arrière type SFA;75;Dérailleur Arrière rouge;2014-10-12;2023-05-05
DR23;Dérailleur Arrière type BIG;57;Dérailleur Arrière rouge;2016-06-22;2027-10-14
DR76;Dérailleur Arrière type TVF;47;Dérailleur Arrière rouge;2014-04-17;2023-10-23
DR52;Dérailleur Arrière type OCT;25;Dérailleur Arrière rouge;2014-12-23;2027-06-21
R45;Roue avant PWY;34;Roue avant rouge;2016-10-28;2020-11-07
R48;Roue avant CBY;39;Roue avant rouge;2016-12-05;2030-05-18
R12;Roue avant XGD;75;Roue avant rouge;2017-03-26;2022-09-09
R19;Roue avant GJB;43;Roue avant rouge;2016-03-05;2020-03-20
R1;Roue avant type DAD;76;Roue avant rouge;2015-07-06;2028-05-20
R11;Roue avant SAO;28;Roue avant rouge;2018-05-18;2027-08-22
R44;Roue avant UOM;76;Roue avant rouge;2016-11-23;2028-06-28
R46;Roue arrière type TCU;43;Roue arrière rouge;2014-12-31;2021-02-10
R47;Roue arrière TIG;32;Roue arrière rouge;2016-02-10;2021-04-20
R32;Roue arrière type JGN;27;Roue arrière rouge;2014-10-20;2028-05-09
R18;Roue arrière type LZK;26;Roue arrière rouge;2015-06-16;2029-11-14
R2;Roue arrière type URQ;20;Roue arrière rouge;2015-04-05;2029-06-22
R02;Réflecteurs type BUT;29;Réflecteurs rouge;2016-01-18;2026-03-02
R09;Réflecteurs UUM;48;Réflecteurs rouge;2015-06-26;2025-11-26
R10;Réflecteurs type LWZ;41;Réflecteurs rouge;2017-10-16;2022-06-16
P12;Pédalier LZU;47;Pédalier rouge;2014-05-18;2026-09-07
P34;Pédalier type OEF;28;Pédalier rouge;2019-02-06;2021-06-07
P1;Pédalier type HKB;59;Pédalier rouge;2015-11-16;2030-04-09
P15;Pédalier EQC;67;Pédalier rouge;2015-06-15;2030-03-11
O2;Ordinateur TXW;62;Ordinateur rouge;2017-11-22;2027-09-02
O4;Ordinateur QZO;21;Ordinateur rouge;2018-07-22;2028-10-29
S01;Panier type BWO;44;Panier rouge;2016-12-03;2026-09-20
S05;Panier BUH;53;Panier rouge;2017-03-23;2020-10-23
S74;Panier MHH;59;Panier rouge;2018-11-13;2020-04-29
S73;Panier BQB;50;Panier rouge;2014-05-01;2030-05-16
